Nom,Prénom,Immatriculation,Nombre de jours,Salaire
Salazar,Tom,UTQ9933,0,0
Castro,Alexander,FBX5865,0,0
Kent,Amanda,POD9689,1,3
Nolan,Gabriella,CRP6354,1,3
Ruiz,Robert,GGA0276,1,3
Cook,John,NXE8723,1,3
Owen,Sharon,RCQ0212,1,3
Herring,Bethany,PUZ9994,2,6
Gordon,Benjamin,KKE2474,2,6
Kennedy,Craig,PLV7216,2,6
Cortez,Raymond,YHX1485,2,6
Rodriguez,Andrea,UWW5037,2,6
Howard,Stacey,TFZ0834,2,6
Montgomery,John,ZTC6643,3,9
Mccoy,Megan,NTZ9026,3,9
Fernandez,Peter,BXI8264,3,9
Odonnell,William,JLY3184,3,9
Williams,Juan,RCY7271,3,9
Baldwin,Paul,BPG8240,4,12
Collins,Michael,MBW5266,4,12
Woods,Brandy,NXN7065,4,12
Williams,Audrey,EGI9468,5,15
Villanueva,Sandra,SHF0246,5,15
Richard,Katherine,PZH5698,5,15
Bruce,Matthew,YZV2227,5,15
Johnston,Peter,NHU9622,5,15
Bates,Brandon,CBI6840,6,18
Pratt,Seth,MCW1895,7,21
Johnson,Ronald,NZF9993,7,21
Sanchez,Jessica,UHN1515,7,21
Thornton,Joshua,XYN0624,7,21
Todd,Nancy,WVL5745,7,21
Johnston,Kelly,WVM2775,8,24
Allen,Stephanie,SXB9172,8,24
Smith,James,WWL6941,8,24
Woodward,Jackson,YFL1841,8,24
Lee,Ashley,VOA9473,9,27
Bell,Henry,CNK8229,9,27
Walsh,Nicholas,VVJ1486,10,30
Becker,Anthony,BQF4985,10,30
Salazar,Diane,KEP5368,10,30
Dillon,John,VCD1076,10,30
Browning,Tonya,WLV9961,10,30
Garcia,Vanessa,GGY7305,10,30
Bowers,Kevin,XHV1119,11,33
Sellers,Gary,CIV0275,12,36
Cabrera,Craig,XEM2672,12,36
Maynard,Carrie,HMG8228,12,36
Wilson,Jeffrey,AVY0762,13,39
Wood,Tina,DCQ9415,13,39
Miles,Robert,OOY4172,13,39
Monroe,John,QNF9550,13,39
Patrick,Rachel,UXE1848,13,39
Brown,Erica,HPK4609,14,42
Norton,Marvin,DEF1512,14,42
Ramos,Gregory,ZKK7508,15,45
Durham,Tammy,HJY9278,15,45
Collins,Jessica,TKT4584,15,45
Bell,Keith,YOU5894,15,45
Matthews,Sean,WXL0967,16,48
Harmon,Matthew,IXW3207,16,48
Carroll,William,YPG7065,17,51
Smith,Tristan,HVI8653,17,51
Alvarez,Christopher,TGG6611,18,54
Reid,Catherine,NOL0381,19,57
Hayes,Donna,JJI6864,19,57
Garcia,Jordan,JEO8301,19,57
Perry,Debra,VRT4976,20,60
Perry,Richard,IRT1681,20,60
Gonzalez,Michael,SHS2518,20,60
Johnson,Andrew,YLS6762,20,60
Lopez,Jacob,KBL2125,20,60
Jacobson,Brittany,XXT3938,20,60
Chambers,Tammy,FRV3953,21,63
Romero,Sarah,QIU6275,21,63
Cain,Melissa,FJW4475,21,63
Campbell,Katelyn,LVU3662,22,66
Mclean,Megan,SLS0062,22,66
Davies,Sabrina,CXE2722,22,66
Woods,Michelle,MFX1030,23,69
Martinez,Jason,BVE2426,23,69
Leon,Christopher,KND7200,23,69
Allen,Tammy,PYQ0963,25,75
Dunn,Alexis,ATK0244,25,75
Schultz,Christine,TRX9350,25,75
Miller,Luke,GEN2961,26,78
Hamilton,Cheryl,JDY4829,26,78
