Nom,Prénom,Immatriculation,Nombre de jours,Salaire
Salazar,Tom,XFV4961,0,0
Castro,Alexander,TEI8243,0,0
Kent,Amanda,BTL7676,1,3
Nolan,Gabriella,GRA2428,1,3
Ruiz,Robert,XJH4420,1,3
Cook,John,SPU4400,1,3
Owen,Sharon,GZJ7475,1,3
Herring,Bethany,GXE1979,2,6
Gordon,Benjamin,VWC3163,2,6
Kennedy,Craig,JJV3375,2,6
Cortez,Raymond,XZG0899,2,6
Rodriguez,Andrea,XDU9376,2,6
Howard,Stacey,UGT9953,2,6
Montgomery,John,DMI3840,3,9
Mccoy,Megan,QYV5570,3,9
Fernandez,Peter,VBR1833,3,9
Odonnell,William,ERB6664,3,9
Williams,Juan,EIE5842,3,9
Baldwin,Paul,FSQ1522,4,12
Collins,Michael,TCD4083,4,12
Woods,Brandy,JZW3489,4,12
Williams,Audrey,SHU2887,5,15
Villanueva,Sandra,EZA7846,5,15
Richard,Katherine,IJP7687,5,15
Bruce,Matthew,SWX9096,5,15
Johnston,Peter,HMC0335,5,15
Bates,Brandon,WJP5444,6,18
Pratt,Seth,BGG2406,7,21
Johnson,Ronald,DDF1621,7,21
Sanchez,Jessica,HAT6331,7,21
Thornton,Joshua,SSY8023,7,21
Todd,Nancy,WXQ1944,7,21
Johnston,Kelly,JWL2993,8,24
Allen,Stephanie,JYX8746,8,24
Smith,James,MPU1383,8,24
Woodward,Jackson,MDC0203,8,24
Lee,Ashley,ZAE6740,9,27
Bell,Henry,NKK1670,9,27
Walsh,Nicholas,ZMW1269,10,30
Becker,Anthony,JJK7823,10,30
Salazar,Diane,DNT2406,10,30
Dillon,John,MPR8160,10,30
Browning,Tonya,XOZ9114,10,30
Garcia,Vanessa,ISQ3000,10,30
Bowers,Kevin,GNR9194,11,33
Sellers,Gary,TXN0730,12,36
Cabrera,Craig,LPR7726,12,36
Maynard,Carrie,LTQ7851,12,36
Wilson,Jeffrey,CHZ4327,13,39
Wood,Tina,OJL3530,13,39
Miles,Robert,ISI6348,13,39
Monroe,John,WZF7282,13,39
Patrick,Rachel,FIL9200,13,39
Brown,Erica,PYR5113,14,42
Norton,Marvin,REH4536,14,42
Ramos,Gregory,AQR8191,15,45
Durham,Tammy,BYF3820,15,45
Collins,Jessica,KKI7735,15,45
Bell,Keith,VSQ6087,15,45
Matthews,Sean,JUB1884,16,48
Harmon,Matthew,TBW9521,16,48
Carroll,William,QXH5538,17,51
Smith,Tristan,QXI8703,17,51
Alvarez,Christopher,JOF3694,18,54
Reid,Catherine,PNB3766,19,57
Hayes,Donna,AOU7822,19,57
Garcia,Jordan,XYG2320,19,57
Perry,Debra,DOD0940,20,60
Perry,Richard,UBT1359,20,60
Gonzalez,Michael,RGE9783,20,60
Johnson,Andrew,SVB6601,20,60
Lopez,Jacob,WEE2708,20,60
Jacobson,Brittany,YAH3078,20,60
Chambers,Tammy,DCJ7231,21,63
Romero,Sarah,CUA3921,21,63
Cain,Melissa,SEF8236,21,63
Campbell,Katelyn,MRQ9853,22,66
Mclean,Megan,ZLP1924,22,66
Davies,Sabrina,SUY7451,22,66
Woods,Michelle,BNH7094,23,69
Martinez,Jason,RPT7927,23,69
Leon,Christopher,EHE6992,23,69
Allen,Tammy,ICZ7059,25,75
Dunn,Alexis,NQM4447,25,75
Schultz,Christine,LMQ1567,25,75
Miller,Luke,BWV0753,26,78
Hamilton,Cheryl,SQC5179,26,78
